{"IndexScene":2,"Position":{"x":-2.1515696048736574,"y":-2.054788589477539,"z":0.0},"HealthPoints":3}